"ID","Description","GeneRatio","BgRatio","RichFactor","FoldEnrichment","zScore","pvalue","p.adjust","qvalue","geneID","Count"
"GO:0042742","defense response to bacterium","26/116","317/18375",0.082018927444795,12.9922223430871,17.1667006907507,7.2162271494585e-22,1.08532056327856e-18,1.06649993541194e-19,"ISG15/DEFA1B/IGHM/LTF/IL18RAP/GBP4/OAS3/BPI/IGHG4/DEFA3/HP/S100A12/DEFA1/S100A8/IGHG2/DEFA4/IL7R/GBP1/GBP2/IGHD/ELANE/GBP5/LCN2/AZU1/IGHG3/OAS1",26
"GO:0002768","immune response-regulating cell surface receptor signaling pathway","24/116","372/18375",0.0645161290322581,10.2196885428254,14.3188333837926,8.65362778531017e-18,6.50752809455325e-15,6.39468054633286e-16,"FCGR1A/IGHM/LTF/BLK/IFI35/FCMR/IGHG4/CD22/DUSP3/IGHG2/CD79A/GBP1/IGHD/CD274/FCER1G/MS4A1/IGLC1/TRAC/IGKC/IGHG3/OAS1/BANK1/CD8A/PLSCR1",24
"GO:0051607","defense response to virus","22/116","304/18375",0.0723684210526316,11.4635322141561,14.6627817695634,2.06997617023009e-17,1.03774805334202e-14,1.01975238405123e-15,"ISG15/DEFA1B/PARP9/OAS3/DEFA3/IFITM1/DEFA1/RNASE2/IRF7/IFIT3/RSAD2/IFI44L/GBP1/GBP2/STAT1/GBP5/AZU1/OASL/OAS1/IFITM3/IFI6/PLSCR1",22
"GO:0002429","immune response-activating cell surface receptor signaling pathway","22/116","328/18375",0.0670731707317073,10.6247371740959,14.0189552015036,1.03619587416225e-16,3.89609648685007e-14,3.82853397620351e-15,"IGHM/LTF/BLK/IFI35/FCMR/IGHG4/CD22/DUSP3/IGHG2/CD79A/GBP1/IGHD/CD274/MS4A1/IGLC1/TRAC/IGKC/IGHG3/OAS1/BANK1/CD8A/PLSCR1",22
"GO:0006959","humoral immune response","21/116","294/18375",0.0714285714285714,11.3146551724138,14.2105050128682,1.55377493288715e-16,4.67375499812453e-14,4.59270705106111e-15,"DEFA1B/IGHM/LTF/BPI/FCMR/IGHG4/DEFA3/S100A12/DEFA1/C1QC/IGHG2/DEFA4/C1QB/C1QA/CLU/IGHD/ELANE/SERPING1/MS4A1/AZU1/IGHG3",21
"GO:0050851","antigen receptor-mediated signaling pathway","18/116","200/18375",0.09,14.2564655172414,15.0244260639933,4.6930047516278e-16,1.07719406934613e-13,1.0585143636396e-14,"IGHM/BLK/FCMR/IGHG4/CD22/DUSP3/IGHG2/CD79A/GBP1/IGHD/CD274/MS4A1/IGLC1/TRAC/IGKC/IGHG3/BANK1/CD8A",18
"GO:0009615","response to virus","23/116","398/18375",0.0577889447236181,9.15406775255588,13.1083973903073,5.01353622700991e-16,1.07719406934613e-13,1.0585143636396e-14,"ISG15/DEFA1B/PARP9/OAS3/DEFA3/IFITM1/DEFA1/RNASE2/IRF7/IFIT3/RSAD2/IFI44L/GBP1/GBP2/CLU/STAT1/GBP5/AZU1/OASL/OAS1/IFITM3/IFI6/PLSCR1",23
"GO:0050853","B cell receptor signaling pathway","13/116","73/18375",0.178082191780822,28.2091402928673,18.566042094579,7.96911503387086e-16,1.49819362636772e-13,1.47221333476721e-14,"IGHM/BLK/FCMR/IGHG4/CD22/IGHG2/CD79A/IGHD/MS4A1/IGLC1/IGKC/IGHG3/BANK1",13
"GO:0019731","antibacterial humoral response","12/116","85/18375",0.141176470588235,22.3630831643002,15.7347156004758,2.00212673411133e-13,3.34577623122604e-11,3.28775686671436e-12,"DEFA1B/IGHM/LTF/BPI/IGHG4/DEFA3/DEFA1/IGHG2/DEFA4/IGHD/ELANE/IGHG3",12
"GO:0002455","humoral immune response mediated by circulating immunoglobulin","9/116","44/18375",0.204545454545455,32.4010579937304,16.6214878638501,6.84584032809429e-12,1.02961438534538e-09,1.01175976262068e-10,"FCMR/IGHG4/C1QC/IGHG2/C1QB/C1QA/CLU/IGHD/IGHG3",9
"GO:0002460","adaptive immune response based on somatic recombination of immune receptors built from immunoglobulin superfamily domains","18/116","358/18375",0.0502793296089385,7.96450587555384,10.6067648195213,1.05974700443507e-11,1.38692654394347e-09,1.36287574342879e-10,"FCGR1A/IL18RAP/FCMR/IGHG4/C1QC/IGHG2/RSAD2/C1QB/C1QA/CLU/IGHD/CD274/FCER1G/IGLC1/IGKC/IGHG3/SECTM1/CD8A",18
"GO:0002443","leukocyte mediated immunity","19/116","410/18375",0.0463414634146341,7.34072750210261,10.3492710968647,1.10659032761447e-11,1.38692654394347e-09,1.36287574342879e-10,"FCGR1A/FCMR/IGHG4/C1QC/IGHG2/RSAD2/C1QB/C1QA/CLU/IGHD/ELANE/CD274/FCER1G/IGLC1/AZU1/IGKC/IGHG3/SECTM1/CD8A",19
"GO:0019730","antimicrobial humoral response","14/116","187/18375",0.0748663101604278,11.8592107689471,11.8964928894842,1.28209618056313e-11,1.48328665812842e-09,1.4575648694176e-10,"DEFA1B/IGHM/LTF/BPI/IGHG4/DEFA3/S100A12/DEFA1/IGHG2/DEFA4/IGHD/ELANE/AZU1/IGHG3",14
"GO:0002449","lymphocyte mediated immunity","17/116","320/18375",0.053125,8.41527478448276,10.6658592479907,1.75837258559095e-11,1.888994549092e-09,1.85623734845154e-10,"FCGR1A/FCMR/IGHG4/C1QC/IGHG2/RSAD2/C1QB/C1QA/CLU/IGHD/CD274/FCER1G/IGLC1/IGKC/IGHG3/SECTM1/CD8A",17
"GO:0016064","immunoglobulin mediated immune response","13/116","157/18375",0.0828025477707006,13.1163518559192,12.1524462900661,2.01963410259694e-11,2.02501979353719e-09,1.98990376860759e-10,"FCGR1A/FCMR/IGHG4/C1QC/IGHG2/C1QB/C1QA/CLU/IGHD/FCER1G/IGLC1/IGKC/IGHG3",13
"GO:0019724","B cell mediated immunity","13/116","162/18375",0.0802469135802469,12.7115261813538,11.933631234251,3.00555048632015e-11,2.82521745714094e-09,2.77622514260992e-10,"FCGR1A/FCMR/IGHG4/C1QC/IGHG2/C1QB/C1QA/CLU/IGHD/FCER1G/IGLC1/IGKC/IGHG3",13
"GO:0006958","complement activation, classical pathway","8/116","39/18375",0.205128205128205,32.4933687002653,15.6924761508131,1.0324058342083e-10,8.64221226340495e-09,8.49234699183714e-10,"IGHG4/C1QC/IGHG2/C1QB/C1QA/CLU/IGHD/IGHG3",8
"GO:0031640","killing of cells of another organism","11/116","111/18375",0.0990990990990991,15.6978098788444,12.3796544300801,1.09176883646738e-10,8.64221226340495e-09,8.49234699183714e-10,"DEFA1B/LTF/DEFA3/S100A12/DEFA1/DEFA4/GBP1/GBP2/ELANE/GBP5/AZU1",11
"GO:0141061","disruption of cell in another organism","11/116","111/18375",0.0990990990990991,15.6978098788444,12.3796544300801,1.09176883646738e-10,8.64221226340495e-09,8.49234699183714e-10,"DEFA1B/LTF/DEFA3/S100A12/DEFA1/DEFA4/GBP1/GBP2/ELANE/GBP5/AZU1",11
"GO:0141060","disruption of anatomical structure in another organism","11/116","115/18375",0.0956521739130435,15.1517991004498,12.1339595987335,1.60730344834651e-10,1.20869219315658e-08,1.18773216831012e-09,"DEFA1B/LTF/DEFA3/S100A12/DEFA1/DEFA4/GBP1/GBP2/ELANE/GBP5/AZU1",11
"GO:0006956","complement activation","9/116","65/18375",0.138461538461538,21.933023872679,13.4752500008072,2.76430411623082e-10,1.88977881400507e-08,1.85700801336607e-09,"IGHG4/C1QC/IGHG2/C1QB/C1QA/CLU/IGHD/SERPING1/IGHG3",9
"GO:0050832","defense response to fungus","9/116","65/18375",0.138461538461538,21.933023872679,13.4752500008072,2.76430411623082e-10,1.88977881400507e-08,1.85700801336607e-09,"DEFA1B/LTF/DEFA3/S100A12/DEFA1/CLEC4E/S100A8/DEFA4/ELANE",9
"GO:0009620","response to fungus","9/116","70/18375",0.128571428571429,20.3663793103448,12.9391260422345,5.47787767354108e-10,3.58205566130686e-08,3.51993895691557e-09,"DEFA1B/LTF/DEFA3/S100A12/DEFA1/CLEC4E/S100A8/DEFA4/ELANE",9
"GO:0045071","negative regulation of viral genome replication","8/116","48/18375",0.166666666666667,26.4008620689655,14.0448058897633,6.04060638402932e-10,3.78544666732504e-08,3.71980294376061e-09,"ISG15/OAS3/IFITM1/RSAD2/OASL/OAS1/IFITM3/PLSCR1",8
"GO:0048525","negative regulation of viral process","9/116","74/18375",0.121621621621622,19.2654939422181,12.5488008399552,9.11596418109112e-10,5.48416405134442e-08,5.38906273818211e-09,"ISG15/OAS3/IFITM1/RSAD2/STAT1/OASL/OAS1/IFITM3/PLSCR1",9
"GO:0001819","positive regulation of cytokine production","18/116","495/18375",0.0363636363636364,5.76018808777429,8.55727151009759,2.01791217520527e-09,1.16728458134951e-07,1.1470426091034e-08,"ISG15/MMP8/FCGR1A/IL18RAP/OAS3/CLEC4E/IRF7/RSAD2/CLU/IGHD/ELANE/CD274/STAT1/FCER1G/GBP5/AZU1/SECTM1/OAS1",18
"GO:0001906","cell killing","13/116","233/18375",0.055793991416309,8.83805682995412,9.59701433581606,2.72151761325783e-09,1.51598610753325e-07,1.48969727514012e-08,"FCGR1A/DEFA1B/LTF/DEFA3/S100A12/DEFA1/DEFA4/GBP1/GBP2/CLU/ELANE/GBP5/AZU1",13
"GO:0045088","regulation of innate immune response","17/116","479/18375",0.0354906054279749,5.62189547188827,8.1696273454143,8.4946651011277e-09,4.56284868289145e-07,4.48372397082208e-08,"ISG15/LTF/CD300E/PARP9/OAS3/IFI35/CLEC4E/IRF7/S100A8/RSAD2/GBP2/CD274/SERPING1/GBP5/OASL/OAS1/PLSCR1",17
"GO:0050829","defense response to Gram-negative bacterium","9/116","103/18375",0.087378640776699,13.8412286575159,10.416564435863,1.77741140004569e-08,9.21802326092663e-07,9.0581728062963e-08,"DEFA1B/IGHM/LTF/BPI/DEFA3/DEFA1/DEFA4/ELANE/AZU1",9
"GO:0140888","interferon-mediated signaling pathway","9/116","104/18375",0.0865384615384615,13.7081399204244,10.3588097064685,1.93560116160653e-08,9.70381382352076e-07,9.53553923715548e-08,"ISG15/PARP9/OAS3/IFITM1/IRF7/STAT1/OASL/OAS1/IFITM3",9
"GO:0045069","regulation of viral genome replication","8/116","77/18375",0.103896103896104,16.4576802507837,10.8337853525393,2.89394935595327e-08,1.40403220366249e-06,1.37968477257904e-07,"ISG15/OAS3/IFITM1/RSAD2/OASL/OAS1/IFITM3/PLSCR1",8
"GO:0019079","viral genome replication","9/116","110/18375",0.0818181818181818,12.9604231974922,10.0282558896277,3.16972544441282e-08,1.48977095887402e-06,1.46393672540224e-07,"ISG15/LTF/OAS3/IFITM1/RSAD2/OASL/OAS1/IFITM3/PLSCR1",9
"GO:0060337","type I interferon-mediated signaling pathway","8/116","80/18375",0.1,15.8405172413793,10.6027905105335,3.92459776769305e-08,1.78866516442738e-06,1.75764778340957e-07,"ISG15/OAS3/IFITM1/IRF7/STAT1/OASL/OAS1/IFITM3",8
"GO:0071357","cellular response to type I interferon","9/116","116/18375",0.0775862068965517,12.2900564803805,9.72252282046052,5.04269098442556e-08,2.23064918840472e-06,2.19196732822774e-07,"ISG15/PSME2/OAS3/IFITM1/IRF7/STAT1/OASL/OAS1/IFITM3",9
"GO:0035456","response to interferon-beta","6/116","33/18375",0.181818181818182,28.8009404388715,12.740470570669,5.3548354909567e-08,2.30104930811396e-06,2.26114663401376e-07,"IFITM1/STAT1/OAS1/XAF1/IFITM3/PLSCR1",6
"GO:0034340","response to type I interferon","9/116","122/18375",0.0737704918032787,11.6856274731487,9.4385476855994,7.81721934037943e-08,3.26586052442519e-06,3.20922698436877e-07,"ISG15/PSME2/OAS3/IFITM1/IRF7/STAT1/OASL/OAS1/IFITM3",9
"GO:0045089","positive regulation of innate immune response","14/116","394/18375",0.0355329949238579,5.62861018729214,7.40259779615171,1.92141299838227e-07,7.81028418801875e-06,7.67484544557827e-07,"LTF/PARP9/OAS3/IFI35/CLEC4E/IRF7/S100A8/RSAD2/GBP2/CD274/GBP5/OASL/OAS1/PLSCR1",14
"GO:0050792","regulation of viral process","9/116","136/18375",0.0661764705882353,10.4826952332657,8.84694020024219,1.99310441434966e-07,7.88849747153128e-06,7.75170242648951e-07,"ISG15/OAS3/IFITM1/RSAD2/STAT1/OASL/OAS1/IFITM3/PLSCR1",9
"GO:0002221","pattern recognition receptor signaling pathway","12/116","290/18375",0.0413793103448276,6.55469678953627,7.59963013345787,3.03792111767096e-07,1.15622858261206e-05,1.13617833329553e-06,"LTF/OAS3/IFI35/CLEC4E/IRF7/S100A8/RSAD2/GBP2/CD274/GBP5/OASL/OAS1",12
"GO:0070106","interleukin-27-mediated signaling pathway","4/116","10/18375",0.4,63.3620689655172,15.7223480151134,3.07507601758527e-07,1.15622858261206e-05,1.13617833329553e-06,"OAS3/STAT1/OASL/OAS1",4
"GO:0002833","positive regulation of response to biotic stimulus","14/116","420/18375",0.0333333333333333,5.2801724137931,7.07270526386311,4.16152629729408e-07,1.52656964661714e-05,1.50009728425384e-06,"LTF/PARP9/OAS3/IFI35/CLEC4E/IRF7/S100A8/RSAD2/GBP2/CD274/GBP5/OASL/OAS1/PLSCR1",14
"GO:0034341","response to type II interferon","8/116","109/18375",0.073394495412844,11.6260677000949,8.86862838052136,4.41950952076918e-07,1.58260531410401e-05,1.55516123289495e-06,"GBP4/PARP9/IFITM1/GBP1/GBP2/STAT1/GBP5/IFITM3",8
"GO:1903900","regulation of viral life cycle","8/116","110/18375",0.0727272727272727,11.5203761755486,8.82084376125295,4.74127712675567e-07,1.65834437177687e-05,1.62958689370824e-06,"ISG15/OAS3/IFITM1/RSAD2/OASL/OAS1/IFITM3/PLSCR1",8
"GO:0002758","innate immune response-activating signaling pathway","12/116","304/18375",0.0394736842105263,6.25283575317604,7.36091625120423,5.02280230044936e-07,1.71688514997178e-05,1.68711251173877e-06,"LTF/OAS3/IFI35/CLEC4E/IRF7/S100A8/RSAD2/GBP2/CD274/GBP5/OASL/OAS1",12
"GO:0050830","defense response to Gram-positive bacterium","8/116","112/18375",0.0714285714285714,11.3146551724138,8.72710139535143,5.44532052807302e-07,1.81994712760485e-05,1.78838728364308e-06,"DEFA1B/IL18RAP/GBP4/DEFA3/DEFA1/DEFA4/IL7R/GBP2",8
"GO:0002218","activation of innate immune response","12/116","324/18375",0.037037037037037,5.86685823754789,7.04470683302512,9.8453731194851e-07,3.21900895037078e-05,3.16318786708528e-06,"LTF/OAS3/IFI35/CLEC4E/IRF7/S100A8/RSAD2/GBP2/CD274/GBP5/OASL/OAS1",12
"GO:0030522","intracellular receptor signaling pathway","13/116","398/18375",0.0326633165829146,5.17403829492289,6.71014202390696,1.3903857399269e-06,4.44923436776608e-05,4.37207985032642e-06,"DEFA1B/KLF2/KDM5D/OAS3/DEFA3/DEFA1/IRF7/RSAD2/GBP2/GBP5/OASL/OAS1/LBH",13
"GO:0002274","myeloid leukocyte activation","10/116","222/18375",0.045045045045045,7.13536812674744,7.33052814563897,1.44549354908553e-06,4.52921312046799e-05,4.45067168528922e-06,"MMP8/BPI/IFI35/S100A12/C1QA/CLU/FCER1G/AZU1/BATF2/PLSCR1",10
"GO:0002227","innate immune response in mucosa","5/116","33/18375",0.151515151515152,24.0007836990596,10.5406796746508,1.89459724107683e-06,5.81525357261133e-05,5.71441081044204e-06,"DEFA1B/LTF/DEFA3/DEFA1/RNASE2",5
"GO:0061844","antimicrobial humoral immune response mediated by antimicrobial peptide","8/116","141/18375",0.0567375886524823,8.98752751283932,7.58880344577624,3.11502345904169e-06,9.36999056479742e-05,9.20750483339189e-06,"DEFA1B/LTF/BPI/DEFA3/S100A12/DEFA1/DEFA4/ELANE",8
"GO:0016032","viral process","12/116","368/18375",0.0326086956521739,5.16538605697151,6.4335523967609,3.69003195890617e-06,0.000108819766003821,1.06932714021406e-05,"ISG15/LTF/PARP9/OAS3/IFITM1/IRF7/RSAD2/STAT1/OASL/OAS1/IFITM3/PLSCR1",12
"GO:0071706","tumor necrosis factor superfamily cytokine production","9/116","194/18375",0.0463917525773196,7.34869356558834,7.08547064713591,3.9019028861982e-06,0.00011072569699702,1.08805594117777e-05,"MMP8/FCGR1A/LTF/OAS3/BPI/CLU/CD274/AZU1/OAS1",9
"GO:1903555","regulation of tumor necrosis factor superfamily cytokine production","9/116","194/18375",0.0463917525773196,7.34869356558834,7.08547064713591,3.9019028861982e-06,0.00011072569699702,1.08805594117777e-05,"MMP8/FCGR1A/LTF/OAS3/BPI/CLU/CD274/AZU1/OAS1",9
"GO:1903131","mononuclear cell differentiation","13/116","439/18375",0.0296127562642369,4.69081376168408,6.23855416460031,4.08394850017598e-06,0.000113745528597494,1.11773058584802e-05,"IGHM/IL18RAP/IKZF3/IRF7/C1QC/RSAD2/IL7R/CD79A/MS4A1/SMARCD3/BATF2/SPIB/CD8A",13
"GO:0001562","response to protozoan","4/116","18/18375",0.222222222222222,35.2011494252874,11.5709350789969,4.30920460626342e-06,0.000115732923711075,1.13725990125939e-05,"GBP4/GBP1/GBP2/BATF2",4
"GO:0042832","defense response to protozoan","4/116","18/18375",0.222222222222222,35.2011494252874,11.5709350789969,4.30920460626342e-06,0.000115732923711075,1.13725990125939e-05,"GBP4/GBP1/GBP2/BATF2",4
"GO:0071346","cellular response to type II interferon","6/116","71/18375",0.0845070422535211,13.3863525983487,8.33473825786066,5.69761577825223e-06,0.00015033709000862,1.47730082898154e-05,"GBP4/PARP9/GBP1/GBP2/STAT1/GBP5",6
"GO:0050729","positive regulation of inflammatory response","8/116","165/18375",0.0484848484848485,7.68025078369906,6.87024337797334,9.95643661807334e-06,0.00025818070126866,2.53703569750723e-05,"MMP8/IFI35/ETS1/S100A12/S100A8/GBP1/GBP2/GBP5",8
"GO:0002385","mucosal immune response","5/116","48/18375",0.104166666666667,16.5005387931034,8.57065630075091,1.26755067860638e-05,0.000323118003495593,3.17514789195088e-05,"DEFA1B/LTF/DEFA3/DEFA1/RNASE2",5
"GO:0062208","positive regulation of pattern recognition receptor signaling pathway","6/116","82/18375",0.0731707317073171,11.590622371741,7.66087362248289,1.31670417929428e-05,0.000330053847609765,3.24330358299801e-05,"LTF/IFI35/RSAD2/GBP2/GBP5/OASL",6
"GO:0002251","organ or tissue specific immune response","5/116","51/18375",0.0980392156862745,15.5299188640974,8.28190971986984,1.71289613245819e-05,0.000422327177576576,4.15003569311828e-05,"DEFA1B/LTF/DEFA3/DEFA1/RNASE2",5
"GO:0032640","tumor necrosis factor production","8/116","189/18375",0.0423280423280423,6.70498084291188,6.28360469388288,2.66163255896125e-05,0.000635411963282178,6.24393235260656e-05,"MMP8/FCGR1A/LTF/OAS3/BPI/CLU/AZU1/OAS1",8
"GO:0032680","regulation of tumor necrosis factor production","8/116","189/18375",0.0423280423280423,6.70498084291188,6.28360469388288,2.66163255896125e-05,0.000635411963282178,6.24393235260656e-05,"MMP8/FCGR1A/LTF/OAS3/BPI/CLU/AZU1/OAS1",8
"GO:0019835","cytolysis","3/116","10/18375",0.3,47.5215517241379,11.7287325219186,2.8483004396972e-05,0.000669350603328842,6.57743342724202e-05,"GBP1/GBP2/GBP5",3
"GO:0062207","regulation of pattern recognition receptor signaling pathway","8/116","194/18375",0.0412371134020619,6.53217205830075,6.17419037933403,3.20803826144899e-05,0.000742290699264504,7.29418578812361e-05,"LTF/IFI35/IRF7/S100A8/RSAD2/GBP2/GBP5/OASL",8
"GO:0071356","cellular response to tumor necrosis factor","8/116","201/18375",0.0398009950248756,6.30468347915594,6.02732484573712,4.12832421801604e-05,0.000940757518772141,9.24443769846157e-05,"MMP8/KLF2/GBP1/TNFRSF13C/GBP2/STAT1/LCN2/YBX3",8
"GO:0042116","macrophage activation","6/116","101/18375",0.0594059405940594,9.41020826220553,6.75527422105627,4.32399910024693e-05,0.000970640992055429,9.53809031506948e-05,"MMP8/BPI/IFI35/C1QA/CLU/AZU1",6
"GO:0071222","cellular response to lipopolysaccharide","8/116","209/18375",0.0382775119617225,6.06335588186768,5.86778641924465,5.44036204591926e-05,0.00120328007603861,0.000118241390313387,"MMP8/LTF/IL18RAP/BPI/GBP2/CD274/GBP5/LCN2",8
"GO:0034612","response to tumor necrosis factor","8/116","218/18375",0.036697247706422,5.81303385004745,5.69793476069881,7.31455705795125e-05,0.00159436142248676,0.000156671347769258,"MMP8/KLF2/GBP1/TNFRSF13C/GBP2/STAT1/LCN2/YBX3",8
"GO:0019058","viral life cycle","9/116","282/18375",0.0319148936170213,5.05548422597212,5.47021423596428,7.56210968180891e-05,0.0016247732802058,0.000159659796103374,"ISG15/LTF/OAS3/IFITM1/RSAD2/OASL/OAS1/IFITM3/PLSCR1",9
"GO:0071219","cellular response to molecule of bacterial origin","8/116","222/18375",0.036036036036036,5.70829450139795,5.62546283245632,8.30485341807412e-05,0.00175922528743429,0.000172871842560139,"MMP8/LTF/IL18RAP/BPI/GBP2/CD274/GBP5/LCN2",8
"GO:0032760","positive regulation of tumor necrosis factor production","6/116","114/18375",0.0526315789473684,8.33711433756806,6.26336600336998,8.51422104219381e-05,0.00177852617325826,0.000174768461327084,"MMP8/FCGR1A/OAS3/CLU/AZU1/OAS1",6
"GO:0030098","lymphocyte differentiation","10/116","356/18375",0.0280898876404494,4.44958349476947,5.23864143750011,8.68508566398647e-05,0.00178936559433365,0.000175833606710664,"IGHM/IL18RAP/IKZF3/RSAD2/IL7R/CD79A/MS4A1/SMARCD3/SPIB/CD8A",10
"GO:1903557","positive regulation of tumor necrosis factor superfamily cytokine production","6/116","118/18375",0.0508474576271186,8.05450029222677,6.1275224061743,0.000103070528123776,0.00209483884186702,0.000205851207941794,"MMP8/FCGR1A/OAS3/CLU/AZU1/OAS1",6
"GO:0050854","regulation of antigen receptor-mediated signaling pathway","5/116","74/18375",0.0675675675675676,10.7030521901212,6.66621279767787,0.000104657870692409,0.00209873916695178,0.000206234476866361,"FCMR/CD22/DUSP3/GBP1/CD274",5
"GO:0042100","B cell proliferation","5/116","75/18375",0.0666666666666667,10.5603448275862,6.61258092634325,0.00011157285591188,0.00220796809594037,0.000216967955034281,"CD22/IKZF3/CD79A/TNFRSF13C/MS4A1",5
"GO:0150146","cell junction disassembly","4/116","40/18375",0.1,15.8405172413793,7.48912246944037,0.000115623685475704,0.00225841588253842,0.000221925251796997,"DUSP3/C1QC/C1QB/C1QA",4
"GO:0032496","response to lipopolysaccharide","9/116","300/18375",0.03,4.75215517241379,5.22269448329848,0.000121038983032204,0.0023338798779543,0.000229340788640216,"MMP8/LTF/IL18RAP/BPI/S100A8/GBP2/CD274/GBP5/LCN2",9
"GO:0042113","B cell activation","8/116","238/18375",0.0336134453781513,5.32454361054767,5.35227463071456,0.000134485347497322,0.00256032864096168,0.000251592978388832,"IGHM/CD22/IKZF3/CD79A/TNFRSF13C/MS4A1/BANK1/SPIB",8
"GO:0032728","positive regulation of interferon-beta production","4/116","42/18375",0.0952380952380952,15.0862068965517,7.28440854704466,0.000140240467847214,0.00260397115607666,0.000255881549077176,"ISG15/OAS3/IRF7/OAS1",4
"GO:0070269","pyroptotic inflammatory response","4/116","42/18375",0.0952380952380952,15.0862068965517,7.28440854704466,0.000140240467847214,0.00260397115607666,0.000255881549077176,"GBP1/GBP2/ELANE/GBP5",4
"GO:0032481","positive regulation of type I interferon production","5/116","80/18375",0.0625,9.90032327586207,6.35882574947366,0.000151561423563599,0.00277985830536162,0.000273165256739136,"ISG15/OAS3/IRF7/STAT1/OAS1",5
"GO:0071216","cellular response to biotic stimulus","8/116","244/18375",0.0327868852459016,5.1936122102883,5.25611257885455,0.000159546076438759,0.0028910517947457,0.000284091784187222,"MMP8/LTF/IL18RAP/BPI/GBP2/CD274/GBP5/LCN2",8
"GO:0002832","negative regulation of response to biotic stimulus","6/116","131/18375",0.0458015267175573,7.25519873650961,5.72676134376663,0.000182933998219794,0.00321750104201342,0.000316170610748341,"ISG15/LTF/OAS3/CD274/SERPING1/OAS1",6
"GO:0002237","response to molecule of bacterial origin","9/116","317/18375",0.028391167192429,4.49730773414555,5.00634772921236,0.000183039558682453,0.00321750104201342,0.000316170610748341,"MMP8/LTF/IL18RAP/BPI/S100A8/GBP2/CD274/GBP5/LCN2",9
"GO:0050858","negative regulation of antigen receptor-mediated signaling pathway","4/116","45/18375",0.0888888888888889,14.0804597701149,7.00229478948117,0.000183979447881086,0.00321750104201342,0.000316170610748341,"CD22/DUSP3/GBP1/CD274",4
"GO:0001774","microglial cell activation","4/116","46/18375",0.0869565217391304,13.7743628185907,6.91418719418575,0.000200525140363593,0.00342715694439595,0.00033677263506402,"MMP8/C1QA/CLU/AZU1",4
"GO:0002269","leukocyte activation involved in inflammatory response","4/116","46/18375",0.0869565217391304,13.7743628185907,6.91418719418575,0.000200525140363593,0.00342715694439595,0.00033677263506402,"MMP8/C1QA/CLU/AZU1",4
"GO:0002753","cytoplasmic pattern recognition receptor signaling pathway","7/116","190/18375",0.0368421052631579,5.83598003629764,5.34068549119251,0.000204190510675498,0.00345059020287583,0.000339075325117159,"OAS3/IRF7/RSAD2/GBP2/GBP5/OASL/OAS1",7
"GO:0032479","regulation of type I interferon production","6/116","137/18375",0.0437956204379562,6.93745280644349,5.55986446689966,0.000233311891689199,0.00385605588022588,0.000378918771683701,"ISG15/OAS3/IRF7/STAT1/OAS1/XAF1",6
"GO:0032606","type I interferon production","6/116","137/18375",0.0437956204379562,6.93745280644349,5.55986446689966,0.000233311891689199,0.00385605588022588,0.000378918771683701,"ISG15/OAS3/IRF7/STAT1/OAS1/XAF1",6
"GO:0035455","response to interferon-alpha","3/116","20/18375",0.15,23.760775862069,8.11740513325898,0.000258399100324465,0.00422426355313038,0.000415101027199488,"IFITM1/OAS1/IFITM3",3
"GO:0060339","negative regulation of type I interferon-mediated signaling pathway","3/116","21/18375",0.142857142857143,22.6293103448276,7.90458933541461,0.000300081305152345,0.00480130088243752,0.000471804115232511,"ISG15/OAS3/OAS1",3
"GO:0098883","synapse pruning","3/116","21/18375",0.142857142857143,22.6293103448276,7.90458933541461,0.000300081305152345,0.00480130088243752,0.000471804115232511,"C1QC/C1QB/C1QA",3
"GO:0030520","estrogen receptor signaling pathway","4/116","52/18375",0.0769230769230769,12.1850132625995,6.43772232773879,0.000323124893945466,0.0051155772683577,0.000502686764711929,"DEFA1B/DEFA3/DEFA1/LBH",4
"GO:0061900","glial cell activation","4/116","53/18375",0.0754716981132075,11.9551073519844,6.36590992739098,0.000347811328885016,0.00544904415253192,0.000535455185625239,"MMP8/C1QA/CLU/AZU1",4
"GO:0050900","leukocyte migration","9/116","351/18375",0.0256410256410256,4.06167108753316,4.61613879279276,0.000387563260583004,0.00600483448636263,0.000590070418689878,"DEFA1B/S100A12/DEFA1/S100A8/ITGA2B/DEFA4/ANKRD22/ELANE/AZU1",9
"GO:0002526","acute inflammatory response","5/116","98/18375",0.0510204081632653,8.08189655172414,5.60276641661932,0.000391272459882671,0.00600483448636263,0.000590070418689878,"FCGR1A/HP/ELANE/LCN2/PLSCR1",5
"GO:0006935","chemotaxis","10/116","440/18375",0.0227272727272727,3.60011755485893,4.40008420299801,0.00047616130210563,0.00716146598366868,0.000703727844791342,"DEFA1B/TYMP/S100A12/DEFA1/RNASE2/DUSP3/S100A8/DEFA4/ELANE/AZU1",10
"GO:0042330","taxis","10/116","440/18375",0.0227272727272727,3.60011755485893,4.40008420299801,0.00047616130210563,0.00716146598366868,0.000703727844791342,"DEFA1B/TYMP/S100A12/DEFA1/RNASE2/DUSP3/S100A8/DEFA4/ELANE/AZU1",10
"GO:0032608","interferon-beta production","4/116","58/18375",0.0689655172413793,10.9244946492271,6.03375375796278,0.000491870713342989,0.00725268189086133,0.000712691257300144,"ISG15/OAS3/IRF7/OAS1",4
"GO:0032648","regulation of interferon-beta production","4/116","58/18375",0.0689655172413793,10.9244946492271,6.03375375796278,0.000491870713342989,0.00725268189086133,0.000712691257300144,"ISG15/OAS3/IRF7/OAS1",4
"GO:0030099","myeloid cell differentiation","9/116","364/18375",0.0247252747252747,3.91661140583554,4.47973892922197,0.000504163571217744,0.00736176709816977,0.000723410612528926,"ISG15/LTF/ETS1/ALAS2/OSCAR/IRF7/C1QC/STAT1/BATF2",9
"GO:0001818","negative regulation of cytokine production","9/116","370/18375",0.0243243243243243,3.85309878844362,4.41889278895724,0.00056696124861033,0.00819913190298016,0.000805695012222669,"LTF/KLF2/OAS3/BPI/GBP1/ELANE/CD274/OAS1/XAF1",9
"GO:0010818","T cell chemotaxis","3/116","27/18375",0.111111111111111,17.6005747126437,6.88023062907262,0.000641994948086064,0.00919581335163276,0.000903634804075803,"DEFA1B/DEFA1/DEFA4",3
"GO:1903706","regulation of hemopoiesis","9/116","382/18375",0.0235602094240838,3.73205903592706,4.30092953622724,0.00071187755459161,0.0101006022840168,0.000992544695825579,"ISG15/LTF/ETS1/IKZF3/IRF7/C1QC/IL7R/STAT1/SMARCD3",9
"GO:0030183","B cell differentiation","5/116","114/18375",0.043859649122807,6.94759528130672,5.07719579835356,0.000780866132375606,0.0109759127391861,0.00107855785870931,"IGHM/IKZF3/CD79A/MS4A1/SPIB",5
"GO:0032682","negative regulation of chemokine production","3/116","31/18375",0.0967741935483871,15.329532814238,6.36441094164741,0.000968631883641331,0.0134890958610793,0.00132551804060071,"OAS3/ELANE/OAS1",3
"GO:0045648","positive regulation of erythrocyte differentiation","3/116","32/18375",0.09375,14.8504849137931,6.25024643449305,0.00106394201013363,0.0146804475526695,0.00144258727757302,"ISG15/ETS1/STAT1",3
"GO:0140374","antiviral innate immune response","4/116","73/18375",0.0547945205479452,8.67973547472839,5.24023510351101,0.00117350199655003,0.0160449727528294,0.00157667356388114,"OAS3/IFIT3/OASL/OAS1",4
"GO:0050860","negative regulation of T cell receptor signaling pathway","3/116","34/18375",0.0882352941176471,13.9769269776876,6.03659681492112,0.0012718736441343,0.0169439045000602,0.00166500789410568,"DUSP3/GBP1/CD274",3
"GO:0045637","regulation of myeloid cell differentiation","6/116","189/18375",0.0317460317460317,5.02873563218391,4.43734743829272,0.00127304601629441,0.0169439045000602,0.00166500789410568,"ISG15/LTF/ETS1/IRF7/C1QC/STAT1",6
"GO:0141193","nuclear receptor-mediated signaling pathway","6/116","189/18375",0.0317460317460317,5.02873563218391,4.43734743829272,0.00127304601629441,0.0169439045000602,0.00166500789410568,"DEFA1B/KLF2/KDM5D/DEFA3/DEFA1/LBH",6
"GO:0070661","leukocyte proliferation","7/116","260/18375",0.0269230769230769,4.26475464190981,4.22581430727648,0.0013184335388216,0.0173940705472604,0.0017092438624,"CD22/IKZF3/CD79A/TNFRSF13C/CLU/CD274/MS4A1",7
"GO:0050727","regulation of inflammatory response","9/116","426/18375",0.0211267605633803,3.34658814958718,3.90583506681622,0.00152395051097975,0.0199306223349004,0.00195850038708199,"MMP8/IFI35/ETS1/S100A12/S100A8/GBP1/GBP2/ELANE/GBP5",9
"GO:0150076","neuroinflammatory response","4/116","80/18375",0.05,7.92025862068966,4.94417082912039,0.00164850990819231,0.0211699319617669,0.00208028225335529,"MMP8/C1QA/CLU/AZU1",4
"GO:0030518","nuclear receptor-mediated steroid hormone signaling pathway","5/116","135/18375",0.037037037037037,5.86685823754789,4.5237179564059,0.00166093881083012,0.0211699319617669,0.00208028225335529,"DEFA1B/KDM5D/DEFA3/DEFA1/LBH",5
"GO:0043401","steroid hormone receptor signaling pathway","5/116","135/18375",0.037037037037037,5.86685823754789,4.5237179564059,0.00166093881083012,0.0211699319617669,0.00208028225335529,"DEFA1B/KDM5D/DEFA3/DEFA1/LBH",5
"GO:1905665","positive regulation of calcium ion import across plasma membrane","2/116","10/18375",0.2,31.6810344827586,7.73511702872387,0.00172012500277275,0.0215130535504558,0.00211399940242227,"P2RX1/MS4A1",2
"GO:0042542","response to hydrogen peroxide","4/116","81/18375",0.0493827160493827,7.82247765006386,4.90481521148263,0.00172579740579403,0.0215130535504558,0.00211399940242227,"IL18RAP/KLF2/HP/LCN2",4
"GO:0045785","positive regulation of cell adhesion","9/116","434/18375",0.0207373271889401,3.28489988876529,3.83955660417843,0.00173077093058853,0.0215130535504558,0.00211399940242227,"MYADM/ETS1/IL7R/TNFRSF13C/OLFM4/ELANE/CD274/SMARCD3/AZU1",9
"GO:0050777","negative regulation of immune response","6/116","202/18375",0.0297029702970297,4.70510413110277,4.22041488406277,0.00178561514133825,0.022012829283383,0.0021631103107494,"ISG15/OAS3/CLU/CD274/SERPING1/OAS1",6
"GO:0050852","T cell receptor signaling pathway","5/116","140/18375",0.0357142857142857,5.6573275862069,4.40900180543567,0.00194848718879832,0.0238254043248185,0.00234122461448845,"DUSP3/GBP1/CD274/TRAC/CD8A",5
"GO:0039530","MDA-5 signaling pathway","2/116","11/18375",0.181818181818182,28.8009404388715,7.35130673484284,0.00209371193579578,0.0251915420114949,0.00247546935322286,"OAS3/IRF7",2
"GO:0070943","neutrophil-mediated killing of symbiont cell","2/116","11/18375",0.181818181818182,28.8009404388715,7.35130673484284,0.00209371193579578,0.0251915420114949,0.00247546935322286,"ELANE/AZU1",2
"GO:0060338","regulation of type I interferon-mediated signaling pathway","3/116","41/18375",0.0731707317073171,11.590622371741,5.41099526524726,0.00219423705289329,0.0261915279964406,0.00257373386828335,"ISG15/OAS3/OAS1",3
"GO:0009755","hormone-mediated signaling pathway","6/116","212/18375",0.0283018867924528,4.48316525699414,4.06574910567058,0.00227627178545514,0.0269567934277522,0.00264893335870868,"DEFA1B/KLF2/KDM5D/DEFA3/DEFA1/LBH",6
"GO:0071347","cellular response to interleukin-1","4/116","88/18375",0.0454545454545455,7.20023510971787,4.64697801673897,0.00233857238066942,0.0274782254728657,0.00270017234387592,"KLF2/GBP1/GBP2/LCN2",4
"GO:0048872","homeostasis of number of cells","6/116","214/18375",0.0280373831775701,4.44126651627457,4.03596761333917,0.00238551585270586,0.0278125259106171,0.00273302267467524,"ISG15/ETS1/ALAS2/SEPTIN4/IL7R/STAT1",6
"GO:0030595","leukocyte chemotaxis","6/116","216/18375",0.0277777777777778,4.40014367816092,4.00654972192948,0.00249866613787864,0.0285088497582409,0.00280144755886551,"DEFA1B/S100A12/DEFA1/S100A8/DEFA4/AZU1",6
"GO:0016322","neuron remodeling","2/116","12/18375",0.166666666666667,26.4008620689655,7.01551598381506,0.00250210649473923,0.0285088497582409,0.00280144755886551,"SCARF1/C1QA",2
"GO:0019732","antifungal humoral response","2/116","12/18375",0.166666666666667,26.4008620689655,7.01551598381506,0.00250210649473923,0.0285088497582409,0.00280144755886551,"LTF/DEFA4",2
"GO:0045646","regulation of erythrocyte differentiation","3/116","44/18375",0.0681818181818182,10.8003526645768,5.1876100132753,0.00268896800532106,0.0304075780451344,0.00298802778814078,"ISG15/ETS1/STAT1",3
"GO:0022407","regulation of cell-cell adhesion","9/116","469/18375",0.0191897654584222,3.03975810602162,3.56663079713987,0.0029161696188087,0.0325667088972404,0.00320019670783404,"MYADM/ETS1/PCDH8/DUSP3/IL7R/TNFRSF13C/ELANE/CD274/SMARCD3",9
"GO:0070942","neutrophil mediated cytotoxicity","2/116","13/18375",0.153846153846154,24.3700265251989,6.71835960837806,0.00294486197475046,0.0325667088972404,0.00320019670783404,"ELANE/AZU1",2
"GO:0071639","positive regulation of monocyte chemotactic protein-1 production","2/116","13/18375",0.153846153846154,24.3700265251989,6.71835960837806,0.00294486197475046,0.0325667088972404,0.00320019670783404,"OAS3/OAS1",2
"GO:0045824","negative regulation of innate immune response","4/116","94/18375",0.0425531914893617,6.74064563462949,4.44751117360537,0.00297111508327967,0.032617205001844,0.00320515875260869,"ISG15/OAS3/SERPING1/OAS1",4
"GO:0032602","chemokine production","4/116","95/18375",0.0421052631578947,6.66969147005445,4.41596364776388,0.00308681807326661,0.0333998156992301,0.00328206269108136,"OAS3/ELANE/AZU1/OAS1",4
"GO:0032642","regulation of chemokine production","4/116","95/18375",0.0421052631578947,6.66969147005445,4.41596364776388,0.00308681807326661,0.0333998156992301,0.00328206269108136,"OAS3/ELANE/AZU1/OAS1",4
"GO:0046651","lymphocyte proliferation","6/116","226/18375",0.0265486725663717,4.20544705523344,3.86463812182851,0.00312609351263267,0.0335831760214252,0.00330008075674737,"CD22/IKZF3/CD79A/TNFRSF13C/CD274/MS4A1",6
"GO:0006953","acute-phase response","3/116","47/18375",0.0638297872340425,10.1109684519442,4.98480633335704,0.00324734645382283,0.0343944300461235,0.00337979935733573,"HP/LCN2/PLSCR1",3
"GO:0048247","lymphocyte chemotaxis","3/116","47/18375",0.0638297872340425,10.1109684519442,4.98480633335704,0.00324734645382283,0.0343944300461235,0.00337979935733573,"DEFA1B/DEFA1/DEFA4",3
"GO:0032943","mononuclear cell proliferation","6/116","229/18375",0.0262008733624454,4.15035386237012,3.8236574897644,0.00333545101472166,0.0350805477352544,0.00344722132425512,"CD22/IKZF3/CD79A/TNFRSF13C/CD274/MS4A1",6
"GO:0002327","immature B cell differentiation","2/116","14/18375",0.142857142857143,22.6293103448276,6.45283976466462,0.00342153583920868,0.0354895855322059,0.00348741578834157,"IGHM/SPIB",2
"GO:0045916","negative regulation of complement activation","2/116","14/18375",0.142857142857143,22.6293103448276,6.45283976466462,0.00342153583920868,0.0354895855322059,0.00348741578834157,"CLU/SERPING1",2
"GO:0007159","leukocyte cell-cell adhesion","8/116","399/18375",0.0200501253132832,3.17604355716878,3.50267512958291,0.00381664710386102,0.0393166934534725,0.00386348996300896,"ETS1/DUSP3/S100A8/IL7R/TNFRSF13C/ELANE/CD274/SMARCD3",8
"GO:0034145","positive regulation of toll-like receptor 4 signaling pathway","2/116","15/18375",0.133333333333333,21.1206896551724,6.21361742284215,0.00393168968564225,0.0399544681567969,0.00392616146329347,"LTF/IFI35",2
"GO:0071360","cellular response to exogenous dsRNA","2/116","15/18375",0.133333333333333,21.1206896551724,6.21361742284215,0.00393168968564225,0.0399544681567969,0.00392616146329347,"OAS3/OAS1",2
"GO:0002756","MyD88-independent toll-like receptor signaling pathway","2/116","16/18375",0.125,19.8006465517241,5.99653843405652,0.00447488921190433,0.0445710819516829,0.0043798171370784,"IRF7/CD274",2
"GO:0006617","SRP-dependent cotranslational protein targeting to membrane, signal sequence recognition","2/116","16/18375",0.125,19.8006465517241,5.99653843405652,0.00447488921190433,0.0445710819516829,0.0043798171370784,"RN7SL1/RN7SL2",2
"GO:1905664","regulation of calcium ion import across plasma membrane","2/116","16/18375",0.125,19.8006465517241,5.99653843405652,0.00447488921190433,0.0445710819516829,0.0043798171370784,"P2RX1/MS4A1",2
"GO:0050864","regulation of B cell activation","4/116","107/18375",0.0373831775700935,5.9216886883661,4.06961085937507,0.00472328113894614,0.0466028165069819,0.00457946734599501,"CD22/IKZF3/TNFRSF13C/BANK1",4
"GO:0050856","regulation of T cell receptor signaling pathway","3/116","54/18375",0.0555555555555556,8.80028735632184,4.57535978794018,0.00481125951075595,0.0466028165069819,0.00457946734599501,"DUSP3/GBP1/CD274",3
"GO:2001244","positive regulation of intrinsic apoptotic signaling pathway","3/116","54/18375",0.0555555555555556,8.80028735632184,4.57535978794018,0.00481125951075595,0.0466028165069819,0.00457946734599501,"SEPTIN4/S100A8/CLU",3
"GO:1903039","positive regulation of leukocyte cell-cell adhesion","6/116","247/18375",0.0242914979757085,3.84789892503141,3.59162063749944,0.00481844898287934,0.0466028165069819,0.00457946734599501,"ETS1/IL7R/TNFRSF13C/ELANE/CD274/SMARCD3",6
"GO:0002698","negative regulation of immune effector process","4/116","108/18375",0.037037037037037,5.86685823754789,4.04314499192516,0.00488144802086848,0.0466028165069819,0.00457946734599501,"CD22/CLU/CD274/SERPING1",4
"GO:0032102","negative regulation of response to external stimulus","8/116","416/18375",0.0192307692307692,3.04625331564987,3.36478518014663,0.0048946302903188,0.0466028165069819,0.00457946734599501,"ISG15/LTF/OAS3/DUSP3/ELANE/SERPING1/KREMEN1/OAS1",8
"GO:0030218","erythrocyte differentiation","4/116","109/18375",0.036697247706422,5.81303385004745,4.01700890711995,0.00504313648435347,0.0466028165069819,0.00457946734599501,"ISG15/ETS1/ALAS2/STAT1",4
"GO:0002523","leukocyte migration involved in inflammatory response","2/116","17/18375",0.117647058823529,18.6359026369168,5.79831528826822,0.00505070418260509,0.0466028165069819,0.00457946734599501,"S100A8/ELANE",2
"GO:0002921","negative regulation of humoral immune response","2/116","17/18375",0.117647058823529,18.6359026369168,5.79831528826822,0.00505070418260509,0.0466028165069819,0.00457946734599501,"CLU/SERPING1",2
"GO:0072567","chemokine (C-X-C motif) ligand 2 production","2/116","17/18375",0.117647058823529,18.6359026369168,5.79831528826822,0.00505070418260509,0.0466028165069819,0.00457946734599501,"OAS3/OAS1",2
"GO:0090201","negative regulation of release of cytochrome c from mitochondria","2/116","17/18375",0.117647058823529,18.6359026369168,5.79831528826822,0.00505070418260509,0.0466028165069819,0.00457946734599501,"CLU/IFI6",2
"GO:2000341","regulation of chemokine (C-X-C motif) ligand 2 production","2/116","17/18375",0.117647058823529,18.6359026369168,5.79831528826822,0.00505070418260509,0.0466028165069819,0.00457946734599501,"OAS3/OAS1",2
"GO:1900024","regulation of substrate adhesion-dependent cell spreading","3/116","56/18375",0.0535714285714286,8.48599137931035,4.47182511928231,0.00532808636374968,0.0488624505553629,0.00480151230194545,"MYADM/GBP1/OLFM4",3
