gene,tb_mean,healthy_mean,log2_fold_change,p_value,adjusted_p_value,significant
ENSG00000081052,1.3630062295177106,1.5409436363767577,-0.17793740685904713,1.615553889504491e-37,7.005526331058324e-33,True
ENSG00000108950,1.7477460020362978,1.3556829000362411,0.3920631020000567,2.7024883931016948e-36,5.859400209503439e-32,True
ENSG00000261799,2.0167850843378563,2.109680831203254,-0.09289574686539748,3.230065256675125e-34,4.6688439908401144e-30,True
ENSG00000274012,2.5785035474101,2.2413918033475886,0.3371117440625113,8.802426002371636e-34,9.54248996852103e-30,True
ENSG00000182379,1.1861815248697203,1.4214253479270873,-0.23524382305736702,1.685902403339943e-33,1.462115718320599e-29,True
ENSG00000005381,2.0613414499512897,1.7624828872978624,0.29885856265342725,1.2598426186424044e-32,9.10509257869843e-29,True
ENSG00000276168,2.3867244984612452,2.070837285981443,0.3158872124798022,4.976037085829214e-32,2.6971987019101524e-28,True
ENSG00000119686,2.2387612726426958,1.99763072662875,0.24113054601394568,4.6271503769032316e-32,2.6971987019101524e-28,True
ENSG00000253364,1.4158176706955825,1.578710496494904,-0.1628928257993214,1.3469411810524813e-30,6.489712270442082e-27,True
ENSG00000173369,2.1284011838566754,1.7290769842219031,0.3993241996347723,2.3559844147633318e-30,1.0216255217738235e-26,True
ENSG00000105866,1.973332828540511,2.1278415927165812,-0.1545087641760703,6.993020317894856e-30,2.7567121822261335e-26,True
ENSG00000172232,1.9714388110073573,1.656793533687257,0.3146452773201003,2.0840991371910793e-27,7.531065907168064e-24,True
ENSG00000234965,1.2492544252968147,1.4480669471033667,-0.19881252180655196,3.183041634154486e-27,1.0617402644756999e-23,True
ENSG00000106367,2.071287652022025,1.9942414025370148,0.07704624948501038,3.82865970539597e-27,1.185872648607753e-23,True
ENSG00000173372,2.2290467777647747,1.8621470012483694,0.36689977651640526,7.118866300181401e-27,2.0579693291651072e-23,True
ENSG00000267152,1.3948247690071398,1.5121239177592505,-0.11729914875211067,1.359889650457778e-26,3.6855559320500387e-23,True
ENSG00000197561,1.993150123714101,1.6159463050226812,0.3772038186914197,2.4923847358112818e-26,6.357487017587331e-23,True
ENSG00000108861,3.141670393158591,2.799435756319229,0.34223463683936206,3.580683889940286e-26,8.626066417748923e-23,True
ENSG00000008394,2.1255350969452698,1.959202417449245,0.1663326794960247,4.687881515337815e-26,1.0698979271031245e-22,True
ENSG00000100473,1.574660764380391,1.7396533351136452,-0.16499257073325424,7.578748824598409e-26,1.643186426405304e-22,True
ENSG00000240505,1.6028614740169644,1.7519996294431177,-0.14913815542615327,8.554030536775954e-26,1.7663258388867414e-22,True
ENSG00000143869,1.4175360384791624,1.579425831534236,-0.16188979305507356,6.309967524660092e-25,1.2437232807810709e-21,True
ENSG00000108788,3.411994450298557,3.3152171709752567,0.09677727932330038,7.758617164372037e-25,1.4627692004289766e-21,True
ENSG00000138031,2.354007601830585,2.1809959070390406,0.17301169479154455,1.9073993050945068e-24,3.446273169450545e-21,True
ENSG00000234184,1.0803648146475313,1.287836220928672,-0.2074714062811407,2.1718805163253606e-24,3.7671701931766644e-21,True
ENSG00000154511,1.8596946422546436,1.9473977338046773,-0.08770309155003364,2.324120303588316e-24,3.876185720173083e-21,True
ENSG00000077684,2.5768100265791873,2.7343721155018113,-0.1575620889226239,3.610967261279498e-24,5.79934716114307e-21,True
ENSG00000144645,1.7854889135001328,1.9994913322692527,-0.21400241876911985,5.475265385483369e-24,8.479426175382689e-21,True
ENSG00000168894,2.7653248991003534,2.6038361264765557,0.16148877262379768,7.267127552672382e-24,1.0866360416087328e-20,True
ENSG00000259623,1.7836722633159103,1.8508384503294473,-0.06716618701353694,7.781895145940429e-24,1.124821064044716e-20,True
ENSG00000149357,4.044128029977618,3.846383192458486,0.1977448375191324,9.845680788398428e-24,1.3772201807332937e-20,True
ENSG00000167005,2.7243370354713234,2.6041864635137824,0.12015057195754109,2.2904176837658383e-23,3.103730688160564e-20,True
ENSG00000084093,2.421097357631854,2.5480469546141182,-0.12694959698226427,2.4314781318267793e-23,3.195035946375898e-20,True
ENSG00000138413,2.694395305555267,2.5566624540241643,0.1377328515311027,3.4057339922194745e-23,4.317235839804677e-20,True
ENSG00000001036,2.4295656502172194,2.2684408000585763,0.16112485015864308,3.551686785269791e-23,4.317235839804677e-20,True
ENSG00000273156,1.400420780836598,1.4730186388491875,-0.07259785801258944,3.5841729177632634e-23,4.317235839804677e-20,True
ENSG00000234414,0.24890212280783805,0.10721056178966919,0.14169156101816888,3.9163055751968386e-23,4.589804288034068e-20,True
ENSG00000197385,1.2283122355890301,1.4115904848110592,-0.18327824922202907,4.3213557960928073e-23,4.931235562788748e-20,True
ENSG00000173465,2.26786060228773,2.1191976530848993,0.14866294920283085,5.695189400578775e-23,6.332320460956344e-20,True
ENSG00000268205,2.169851254019291,2.2819838645905826,-0.11213261057129165,5.882455502261868e-23,6.377022948614534e-20,True
ENSG00000110079,1.812958683143454,1.6578881361418145,0.15507054700163958,8.303371626101939e-23,8.781929361528254e-20,True
ENSG00000127528,5.414002480065354,5.734963060973628,-0.32096058090827473,1.0959001769187196e-22,1.1314647469458677e-19,True
ENSG00000183087,2.102065168075365,1.913754656261567,0.18831051181379777,1.3543663889470325e-22,1.3657997610211668e-19,True
ENSG00000004961,2.1809396967626524,2.107605562086929,0.07333413467572347,1.6974913809171582e-22,1.6729163352434258e-19,True
ENSG00000263244,2.653848170590102,2.9172190269243403,-0.2633708563342383,2.0777230836417678e-22,2.0021401350212884e-19,True
ENSG00000145545,2.1234547801213024,2.018525041771323,0.1049297383499792,2.729241775485008e-22,2.572785024138183e-19,True
ENSG00000103591,2.4648307869631507,2.406474671394411,0.058356115568739764,2.9541292079426634e-22,2.725529890298249e-19,True
ENSG00000124171,1.4249165120843044,1.512483165697724,-0.08756665361341964,3.1205457779952756e-22,2.819088053566857e-19,True
ENSG00000101425,2.215464487045939,1.866509110033817,0.3489553770121221,3.3744533803264196e-22,2.9862535087978475e-19,True
ENSG00000176153,1.826590227742073,1.6708705378455768,0.1557196898964961,3.595233914251942e-22,3.1180025644741393e-19,True
